-- 1 users tablosunda minimum 2 kullanıcı bulunmalıdır(10).
/*
insert into users (user_id, username, email, creation_date, is_active) values (1, 'aharbron0', 'fnottingham0@wikia.com', '2021-07-30', false);
insert into users (user_id, username, email, creation_date, is_active) values (2, 'bpinnion1', 'cblague1@github.io', '2023-06-05', true);
insert into users (user_id, username, email, creation_date, is_active) values (3, 'alooney2', 'esugge2@nature.com', '2021-05-05', true);
insert into users (user_id, username, email, creation_date, is_active) values (4, 'lspender3', 'lhorlock3@arizona.edu', '2014-01-01', true);
insert into users (user_id, username, email, creation_date, is_active) values (5, 'abovingdon4', 'gbuche4@go.com', '2021-03-30', true);
insert into users (user_id, username, email, creation_date, is_active) values (6, 'mmargrem5', 'nspeek5@booking.com', '2019-02-28', true);
insert into users (user_id, username, email, creation_date, is_active) values (7, 'lpoel6', 'pmcfaul6@feedburner.com', '2019-09-26', true);
insert into users (user_id, username, email, creation_date, is_active) values (8, 'dcreedland7', 'caland7@wsj.com', '2018-06-17', true);
insert into users (user_id, username, email, creation_date, is_active) values (9, 'jfrier8', 'rwelds8@dyndns.org', '2021-10-18', true);
insert into users (user_id, username, email, creation_date, is_active) values (10, 'hvaissiere9', 'dhuskisson9@reference.com', '2017-12-07', true);
*/

-- 3 categories tablosunda minimum 3 kategori bulunmalıdır(5)
/*
insert into categories (category_id, name, creation_date) values (1, 'pede', '2019-11-16');
insert into categories (category_id, name, creation_date) values (2, 'auctor', '2015-12-25');
insert into categories (category_id, name) values (3, 'posuere');
insert into categories (category_id, name, creation_date) values (4, 'eget', '2016-04-02');
insert into categories (category_id, name, creation_date) values (5, 'id', '2022-01-22');
*/

-- 2. posts tablosunda farklı kategorilerde, farklı görüntülenme sayılarında ve farklı başlıklarda minimum 50 gönderi bulunmalıdır.
/*
insert into posts (post_id, user_id, category_id, title, content, view_count, creation_date, is_published) values (1, 7, 1, 'ut ultrices vel augue vestibulum ante ipsum primis', 'venenatis tristique fusce congue diam id ornare imperdiet sapien urna pretium nisl ut volutpat sapien arcu sed augue aliquam', 905, '2021-05-21', true);
insert into posts (post_id, user_id, category_id, title, content, view_count, creation_date, is_published) values (2, 5, 2, 'nascetur ridiculus mus vivamus vestibulum sagittis', 'sagittis nam congue risus semper porta volutpat quam pede lobortis ligula sit amet eleifend pede libero quis orci', 278, '2015-09-13', true);
insert into posts (post_id, user_id, category_id, title, content, view_count, creation_date, is_published) values (3, 7, 5, 'ac nibh fusce lacus purus aliquet at feugiat non p', 'venenatis turpis enim blandit mi in porttitor pede justo eu massa donec dapibus duis', 819, '2019-03-23', true);
insert into posts (post_id, user_id, category_id, title, content, view_count, creation_date, is_published) values (4, 7, 3, 'volutpat erat quisque erat eros viverra eget congu', 'et commodo vulputate justo in blandit ultrices enim lorem ipsum dolor sit amet consectetuer', 728, '2020-07-27', false);
insert into posts (post_id, user_id, category_id, title, content, view_count, creation_date, is_published) values (5, 5, 3, 'elementum eu interdum eu tincidunt in leo maecenas', 'porttitor pede justo eu massa donec dapibus duis at velit eu est', 629, '2023-03-24', true);
insert into posts (post_id, user_id, category_id, title, content, view_count, creation_date, is_published) values (6, 6, 3, 'faucibus orci luctus et ultrices posuere cubilia c', 'placerat ante nulla justo aliquam quis turpis eget elit sodales scelerisque mauris sit amet eros suspendisse accumsan', 390, '2020-08-02', true);
insert into posts (post_id, user_id, category_id, title, content, view_count, creation_date, is_published) values (7, 1, 5, 'nulla pede ullamcorper augue a suscipit nulla elit', 'in tempor turpis nec euismod scelerisque quam turpis adipiscing lorem vitae mattis nibh ligula nec sem duis aliquam', 97, '2020-01-29', true);
insert into posts (post_id, user_id, category_id, title, content, view_count, creation_date, is_published) values (8, 3, 2, 'potenti in eleifend quam a odio in hac habitasse p', 'luctus et ultrices posuere cubilia curae mauris viverra diam vitae quam', 903, '2020-11-22', false);
insert into posts (post_id, user_id, category_id, title, content, view_count, creation_date, is_published) values (9, 6, 1, 'tellus nisi eu orci mauris lacinia sapien quis lib', 'quis lectus suspendisse potenti in eleifend quam a odio in hac habitasse platea dictumst maecenas ut massa quis', 861, '2022-06-28', false);
insert into posts (post_id, user_id, category_id, title, content, view_count, creation_date, is_published) values (10, 8, 2, 'vestibulum sed magna at nunc commodo placerat prae', 'fusce congue diam id ornare imperdiet sapien urna pretium nisl ut volutpat sapien arcu sed augue aliquam erat', 341, '2022-05-23', false);
insert into posts (post_id, user_id, category_id, title, content, view_count, creation_date, is_published) values (11, 9, 3, 'vel nisl duis ac nibh fusce lacus purus aliquet at', 'aliquam quis turpis eget elit sodales scelerisque mauris sit amet eros suspendisse accumsan tortor', 212, '2021-10-11', true);
insert into posts (post_id, user_id, category_id, title, content, view_count, creation_date, is_published) values (12, 6, 5, 'sagittis nam congue risus semper porta volutpat qu', 'fusce posuere felis sed lacus morbi sem mauris laoreet ut rhoncus aliquet pulvinar sed nisl nunc rhoncus dui vel', 233, '2018-02-23', false);
insert into posts (post_id, user_id, category_id, title, content, view_count, creation_date, is_published) values (13, 5, 2, 'interdum eu tincidunt in leo maecenas pulvinar lob', 'consectetuer adipiscing elit proin risus praesent lectus vestibulum quam sapien varius ut blandit non interdum in', 506, '2017-05-01', true);
insert into posts (post_id, user_id, category_id, title, content, view_count, creation_date, is_published) values (14, 4, 2, 'sociis natoque penatibus et magnis dis parturient ', 'pede justo lacinia eget tincidunt eget tempus vel pede morbi porttitor lorem id ligula suspendisse ornare', 509, '2019-02-14', false);
insert into posts (post_id, user_id, category_id, title, content, view_count, creation_date, is_published) values (15, 8, 2, 'pede malesuada in imperdiet et commodo vulputate j', 'eget tincidunt eget tempus vel pede morbi porttitor lorem id ligula suspendisse ornare consequat lectus in est', 69, '2015-10-20', false);
insert into posts (post_id, user_id, category_id, title, content, view_count, creation_date, is_published) values (16, 1, 1, 'praesent blandit lacinia erat vestibulum sed magna', 'porttitor pede justo eu massa donec dapibus duis at velit eu est congue elementum in hac habitasse platea', 273, '2016-01-10', true);
insert into posts (post_id, user_id, category_id, title, content, view_count, creation_date, is_published) values (17, 4, 1, 'id consequat in consequat ut nulla sed accumsan fe', 'quis lectus suspendisse potenti in eleifend quam a odio in hac habitasse platea dictumst maecenas', 426, '2021-07-28', false);
insert into posts (post_id, user_id, category_id, title, content, view_count, creation_date, is_published) values (18, 10, 3, 'praesent lectus vestibulum quam sapien varius ut b', 'ac enim in tempor turpis nec euismod scelerisque quam turpis adipiscing lorem vitae mattis nibh ligula nec sem', 956, '2018-02-11', false);
insert into posts (post_id, user_id, category_id, title, content, view_count, creation_date, is_published) values (19, 4, 4, 'eleifend pede libero quis orci nullam molestie nib', 'et ultrices posuere cubilia curae donec pharetra magna vestibulum aliquet ultrices erat tortor sollicitudin mi sit', 521, '2019-12-23', false);
insert into posts (post_id, user_id, category_id, title, content, view_count, creation_date, is_published) values (20, 10, 2, 'id luctus nec molestie sed justo pellentesque vive', 'eros viverra eget congue eget semper rutrum nulla nunc purus phasellus in felis donec semper sapien a libero', 142, '2019-05-12', true);
insert into posts (post_id, user_id, category_id, title, content, view_count, creation_date, is_published) values (21, 5, 1, 'eu massa donec dapibus duis at velit eu est congue', 'accumsan tellus nisi eu orci mauris lacinia sapien quis libero nullam sit amet turpis elementum ligula', 518, '2016-09-09', false);
insert into posts (post_id, user_id, category_id, title, content, view_count, creation_date, is_published) values (22, 6, 1, 'nunc vestibulum ante ipsum primis in faucibus orci', 'nulla pede ullamcorper augue a suscipit nulla elit ac nulla sed vel enim sit amet', 432, '2019-06-27', true);
insert into posts (post_id, user_id, category_id, title, content, view_count, creation_date, is_published) values (23, 9, 5, 'tortor duis mattis egestas metus aenean fermentum ', 'vivamus vel nulla eget eros elementum pellentesque quisque porta volutpat erat quisque erat eros viverra eget congue', 1000, '2021-08-17', false);
insert into posts (post_id, user_id, category_id, title, content, view_count, creation_date, is_published) values (24, 4, 3, 'purus phasellus in felis donec semper sapien a lib', 'urna pretium nisl ut volutpat sapien arcu sed augue aliquam', 193, '2018-02-06', false);
insert into posts (post_id, user_id, category_id, title, content, view_count, creation_date, is_published) values (25, 1, 1, 'amet diam in magna bibendum imperdiet nullam orci ', 'ut dolor morbi vel lectus in quam fringilla rhoncus mauris enim', 20, '2017-08-20', true);
insert into posts (post_id, user_id, category_id, title, content, view_count, creation_date, is_published) values (26, 8, 5, 'suscipit a feugiat et eros vestibulum ac est lacin', 'porttitor id consequat in consequat ut nulla sed accumsan felis ut at dolor quis', 733, '2022-09-11', true);
insert into posts (post_id, user_id, category_id, title, content, view_count, creation_date, is_published) values (27, 6, 4, 'erat vestibulum sed magna at nunc commodo placerat', 'ante ipsum primis in faucibus orci luctus et ultrices posuere', 422, '2017-03-08', false);
insert into posts (post_id, user_id, category_id, title, content, view_count, creation_date, is_published) values (28, 6, 2, 'facilisi cras non velit nec nisi vulputate nonummy', 'orci mauris lacinia sapien quis libero nullam sit amet turpis elementum ligula vehicula consequat', 70, '2020-08-10', true);
insert into posts (post_id, user_id, category_id, title, content, view_count, creation_date, is_published) values (29, 7, 3, 'ultricies eu nibh quisque id justo sit amet sapien', 'mauris eget massa tempor convallis nulla neque libero convallis eget eleifend luctus ultricies eu nibh', 744, '2015-08-21', true);
insert into posts (post_id, user_id, category_id, title, content, view_count, creation_date, is_published) values (30, 4, 4, 'quis tortor id nulla ultrices aliquet maecenas leo', 'interdum in ante vestibulum ante ipsum primis in faucibus orci luctus et ultrices posuere cubilia curae duis faucibus accumsan odio', 449, '2017-04-13', false);
insert into posts (post_id, user_id, category_id, title, content, view_count, creation_date, is_published) values (31, 4, 5, 'turpis enim blandit mi in porttitor pede justo eu ', 'nulla suscipit ligula in lacus curabitur at ipsum ac tellus semper', 671, '2018-01-03', true);
insert into posts (post_id, user_id, category_id, title, content, view_count, creation_date, is_published) values (32, 10, 2, 'fermentum donec ut mauris eget massa tempor conval', 'erat tortor sollicitudin mi sit amet lobortis sapien sapien non mi integer ac neque duis', 426, '2020-06-16', true);
insert into posts (post_id, user_id, category_id, title, content, view_count, creation_date, is_published) values (33, 1, 3, 'ridiculus mus vivamus vestibulum sagittis sapien c', 'sagittis sapien cum sociis natoque penatibus et magnis dis parturient montes nascetur ridiculus', 704, '2022-03-09', false);
insert into posts (post_id, user_id, category_id, title, content, view_count, creation_date, is_published) values (34, 1, 4, 'justo lacinia eget tincidunt eget tempus vel pede ', 'et commodo vulputate justo in blandit ultrices enim lorem ipsum dolor', 239, '2017-11-05', false);
insert into posts (post_id, user_id, category_id, title, content, view_count, creation_date, is_published) values (35, 7, 5, 'ac nibh fusce lacus purus aliquet at feugiat non p', 'sapien iaculis congue vivamus metus arcu adipiscing molestie hendrerit at vulputate vitae', 121, '2020-06-27', false);
insert into posts (post_id, user_id, category_id, title, content, view_count, creation_date, is_published) values (36, 8, 5, 'orci eget orci vehicula condimentum curabitur in l', 'libero quis orci nullam molestie nibh in lectus pellentesque at nulla suspendisse potenti cras in purus eu', 996, '2021-03-20', false);
insert into posts (post_id, user_id, category_id, title, content, view_count, creation_date, is_published) values (37, 1, 1, 'congue vivamus metus arcu adipiscing molestie hend', 'sodales sed tincidunt eu felis fusce posuere felis sed lacus morbi sem mauris laoreet ut', 919, '2021-07-05', false);
insert into posts (post_id, user_id, category_id, title, content, view_count, creation_date, is_published) values (38, 9, 3, 'non velit donec diam neque vestibulum eget vulputa', 'ultrices vel augue vestibulum ante ipsum primis in faucibus orci luctus et ultrices posuere cubilia', 392, '2020-12-10', true);
insert into posts (post_id, user_id, category_id, title, content, view_count, creation_date, is_published) values (39, 10, 3, 'quis augue luctus tincidunt nulla mollis molestie ', 'libero rutrum ac lobortis vel dapibus at diam nam tristique tortor', 128, '2017-03-14', true);
insert into posts (post_id, user_id, category_id, title, content, view_count, creation_date, is_published) values (40, 9, 1, 'dapibus duis at velit eu est congue elementum in h', 'pellentesque ultrices mattis odio donec vitae nisi nam ultrices libero non mattis pulvinar nulla pede ullamcorper augue a suscipit', 87, '2020-01-20', true);
insert into posts (post_id, user_id, category_id, title, content, view_count, creation_date, is_published) values (41, 4, 2, 'erat vestibulum sed magna at nunc commodo placerat', 'elementum ligula vehicula consequat morbi a ipsum integer a nibh in quis justo maecenas rhoncus aliquam lacus morbi quis', 750, '2023-03-30', true);
insert into posts (post_id, user_id, category_id, title, content, view_count, creation_date, is_published) values (42, 1, 3, 'vivamus in felis eu sapien cursus vestibulum proin', 'odio odio elementum eu interdum eu tincidunt in leo maecenas pulvinar lobortis est phasellus sit', 387, '2022-04-23', false);
insert into posts (post_id, user_id, category_id, title, content, view_count, creation_date, is_published) values (43, 1, 3, 'mauris enim leo rhoncus sed vestibulum sit amet cu', 'elit proin interdum mauris non ligula pellentesque ultrices phasellus id sapien in sapien iaculis congue vivamus metus arcu adipiscing molestie', 479, '2019-08-10', false);
insert into posts (post_id, user_id, category_id, title, content, view_count, creation_date, is_published) values (44, 5, 4, 'vel pede morbi porttitor lorem id ligula suspendis', 'ipsum primis in faucibus orci luctus et ultrices posuere cubilia curae mauris viverra diam vitae quam suspendisse potenti', 388, '2016-12-13', false);
insert into posts (post_id, user_id, category_id, title, content, view_count, creation_date, is_published) values (45, 3, 4, 'vel pede morbi porttitor lorem id ligula suspendis', 'mus vivamus vestibulum sagittis sapien cum sociis natoque penatibus et magnis dis parturient montes nascetur ridiculus mus etiam vel', 340, '2015-07-15', true);
insert into posts (post_id, user_id, category_id, title, content, view_count, creation_date, is_published) values (46, 1, 2, 'consectetuer adipiscing elit proin interdum mauris', 'interdum eu tincidunt in leo maecenas pulvinar lobortis est phasellus sit amet erat nulla tempus vivamus in felis', 577, '2019-09-27', true);
insert into posts (post_id, user_id, category_id, title, content, view_count, creation_date, is_published) values (47, 8, 5, 'porta volutpat erat quisque erat eros viverra eget', 'nulla facilisi cras non velit nec nisi vulputate nonummy maecenas tincidunt lacus at', 660, '2017-02-27', true);
insert into posts (post_id, user_id, category_id, title, content, view_count, creation_date, is_published) values (48, 1, 3, 'leo maecenas pulvinar lobortis est phasellus sit a', 'iaculis diam erat fermentum justo nec condimentum neque sapien placerat ante nulla justo aliquam quis turpis eget', 834, '2015-06-27', true);
insert into posts (post_id, user_id, category_id, title, content, view_count, creation_date, is_published) values (49, 1, 4, 'vulputate justo in blandit ultrices enim lorem ips', 'risus auctor sed tristique in tempus sit amet sem fusce consequat', 98, '2023-02-23', false);
insert into posts (post_id, user_id, category_id, title, content, view_count, creation_date, is_published) values (50, 1, 1, 'consectetuer adipiscing elit proin risus praesent ', 'bibendum morbi non quam nec dui luctus rutrum nulla tellus in', 20, '2021-08-17', false);
*/

--4. comments tablosunda farklı gönderilere ait, farklı kullanıcılara ait veya kullanıcısı olmayan toplam minimum 250 yorum bulunmalıdır.

/*
insert into comments (comment_id, post_id, user_id, comment, creation_date, is_confirmed) values (1, 35, 5, 'est lacinia nisi venenatis tristique fusce congue diam id ornare imperdiet sapien urna pretium', '2018-12-02', false);
insert into comments (comment_id, post_id, user_id, comment, creation_date, is_confirmed) values (2, 25, 3, 'eu mi nulla ac enim in tempor turpis nec euismod scelerisque quam turpis adipiscing lorem vitae mattis nibh', '2023-05-30', false);
insert into comments (comment_id, post_id, user_id, comment, creation_date, is_confirmed) values (3, 35, 9, 'aliquam sit amet diam in magna bibendum imperdiet nullam orci pede venenatis non sodales sed tincidunt eu', '2019-08-26', false);
insert into comments (comment_id, post_id, user_id, comment, creation_date, is_confirmed) values (4, 18, 9, 'erat tortor sollicitudin mi sit amet lobortis sapien sapien non mi integer ac neque duis', '2015-08-30', true);
insert into comments (comment_id, post_id, user_id, comment, creation_date, is_confirmed) values (5, 37, 6, 'eu sapien cursus vestibulum proin eu mi nulla ac enim in tempor turpis nec euismod scelerisque quam turpis adipiscing', '2020-12-31', false);
insert into comments (comment_id, post_id, user_id, comment, creation_date, is_confirmed) values (6, 49, 8, 'at lorem integer tincidunt ante vel ipsum praesent blandit lacinia erat vestibulum sed magna at nunc commodo placerat', '2022-05-16', false);
insert into comments (comment_id, post_id, user_id, comment, creation_date, is_confirmed) values (7, 28, 8, 'eget vulputate ut ultrices vel augue vestibulum ante ipsum primis in faucibus orci luctus et', '2023-02-03', false);
insert into comments (comment_id, post_id, user_id, comment, creation_date, is_confirmed) values (8, 35, 3, 'vel accumsan tellus nisi eu orci mauris lacinia sapien quis libero nullam sit amet turpis elementum ligula vehicula', '2018-10-19', false);
insert into comments (comment_id, post_id, user_id, comment, creation_date, is_confirmed) values (9, 18, 6, 'velit id pretium iaculis diam erat fermentum justo nec condimentum neque sapien placerat ante nulla justo', '2019-05-13', true);
insert into comments (comment_id, post_id, user_id, comment, creation_date, is_confirmed) values (10, 32, 5, 'nunc vestibulum ante ipsum primis in faucibus orci luctus et ultrices posuere cubilia curae mauris', '2023-05-15', true);
insert into comments (comment_id, post_id, user_id, comment, creation_date, is_confirmed) values (11, 40, 3, 'morbi porttitor lorem id ligula suspendisse ornare consequat lectus in est risus', '2022-11-17', true);
insert into comments (comment_id, post_id, user_id, comment, creation_date, is_confirmed) values (12, 50, 3, 'luctus et ultrices posuere cubilia curae mauris viverra diam vitae quam suspendisse potenti nullam porttitor lacus', '2019-12-29', true);
insert into comments (comment_id, post_id, user_id, comment, creation_date, is_confirmed) values (13, 15, 2, 'aliquam quis turpis eget elit sodales scelerisque mauris sit amet eros suspendisse accumsan tortor quis turpis sed', '2023-05-19', true);
insert into comments (comment_id, post_id, user_id, comment, creation_date, is_confirmed) values (14, 8, 5, 'posuere metus vitae ipsum aliquam non mauris morbi non lectus aliquam sit amet diam', '2022-01-31', true);
insert into comments (comment_id, post_id, user_id, comment, creation_date, is_confirmed) values (15, 27, 1, 'elementum ligula vehicula consequat morbi a ipsum integer a nibh in quis justo maecenas rhoncus aliquam lacus morbi quis', '2022-07-02', false);
insert into comments (comment_id, post_id, user_id, comment, creation_date, is_confirmed) values (16, 28, 3, 'sapien quis libero nullam sit amet turpis elementum ligula vehicula consequat morbi a ipsum integer a nibh', '2020-01-16', true);
insert into comments (comment_id, post_id, user_id, comment, creation_date, is_confirmed) values (17, 41, 8, 'morbi vestibulum velit id pretium iaculis diam erat fermentum justo nec condimentum neque sapien', '2020-07-18', true);
insert into comments (comment_id, post_id, user_id, comment, creation_date, is_confirmed) values (18, 27, 7, 'maecenas tristique est et tempus semper est quam pharetra magna ac consequat', '2019-06-27', false);
insert into comments (comment_id, post_id, user_id, comment, creation_date, is_confirmed) values (19, 36, 2, 'lectus vestibulum quam sapien varius ut blandit non interdum in ante vestibulum ante ipsum', '2016-11-13', true);
insert into comments (comment_id, post_id, user_id, comment, creation_date, is_confirmed) values (20, 41, 10, 'donec quis orci eget orci vehicula condimentum curabitur in libero ut', '2022-05-04', false);
insert into comments (comment_id, post_id, user_id, comment, creation_date, is_confirmed) values (21, 26, 10, 'justo sit amet sapien dignissim vestibulum vestibulum ante ipsum primis in faucibus orci luctus et ultrices posuere cubilia curae nulla', '2021-04-17', true);
insert into comments (comment_id, post_id, user_id, comment, creation_date, is_confirmed) values (22, 16, 4, 'pellentesque ultrices mattis odio donec vitae nisi nam ultrices libero non mattis pulvinar nulla pede ullamcorper augue a', '2022-10-01', false);
insert into comments (comment_id, post_id, user_id, comment, creation_date, is_confirmed) values (23, 21, 9, 'diam cras pellentesque volutpat dui maecenas tristique est et tempus semper est quam pharetra magna ac', '2017-02-07', false);
insert into comments (comment_id, post_id, user_id, comment, creation_date, is_confirmed) values (24, 34, 1, 'a ipsum integer a nibh in quis justo maecenas rhoncus aliquam lacus morbi quis tortor id nulla ultrices', '2019-01-19', true);
insert into comments (comment_id, post_id, user_id, comment, creation_date, is_confirmed) values (25, 5, 10, 'sapien varius ut blandit non interdum in ante vestibulum ante ipsum primis in faucibus orci luctus', '2021-06-20', false);
insert into comments (comment_id, post_id, user_id, comment, creation_date, is_confirmed) values (26, 7, 6, 'semper sapien a libero nam dui proin leo odio porttitor id consequat in consequat ut nulla sed accumsan', '2023-04-14', false);
insert into comments (comment_id, post_id, user_id, comment, creation_date, is_confirmed) values (27, 2, 1, 'in porttitor pede justo eu massa donec dapibus duis at velit eu est congue elementum', '2020-10-11', false);
insert into comments (comment_id, post_id, user_id, comment, creation_date, is_confirmed) values (28, 48, 4, 'porttitor pede justo eu massa donec dapibus duis at velit eu est congue', '2022-07-31', false);
insert into comments (comment_id, post_id, user_id, comment, creation_date, is_confirmed) values (29, 50, 6, 'ac neque duis bibendum morbi non quam nec dui luctus rutrum nulla tellus in sagittis dui vel nisl duis ac', '2017-05-21', true);
insert into comments (comment_id, post_id, user_id, comment, creation_date, is_confirmed) values (30, 32, 3, 'felis donec semper sapien a libero nam dui proin leo odio porttitor id consequat in consequat ut nulla', '2019-04-29', true);
insert into comments (comment_id, post_id, user_id, comment, creation_date, is_confirmed) values (31, 17, 1, 'tellus in sagittis dui vel nisl duis ac nibh fusce lacus purus', '2021-03-18', true);
insert into comments (comment_id, post_id, user_id, comment, creation_date, is_confirmed) values (32, 7, 8, 'suscipit a feugiat et eros vestibulum ac est lacinia nisi venenatis tristique fusce congue diam id ornare imperdiet sapien urna', '2021-11-13', true);
insert into comments (comment_id, post_id, user_id, comment, creation_date, is_confirmed) values (33, 2, 5, 'sed accumsan felis ut at dolor quis odio consequat varius integer ac leo pellentesque ultrices mattis odio donec vitae', '2020-05-18', false);
insert into comments (comment_id, post_id, user_id, comment, creation_date, is_confirmed) values (34, 6, 3, 'donec vitae nisi nam ultrices libero non mattis pulvinar nulla pede ullamcorper augue', '2017-05-03', false);
insert into comments (comment_id, post_id, user_id, comment, creation_date, is_confirmed) values (35, 48, 3, 'accumsan tellus nisi eu orci mauris lacinia sapien quis libero', '2016-05-12', false);
insert into comments (comment_id, post_id, user_id, comment, creation_date, is_confirmed) values (36, 2, 3, 'augue luctus tincidunt nulla mollis molestie lorem quisque ut erat curabitur gravida nisi at nibh in hac', '2020-02-22', true);
insert into comments (comment_id, post_id, user_id, comment, creation_date, is_confirmed) values (37, 44, 6, 'enim in tempor turpis nec euismod scelerisque quam turpis adipiscing lorem', '2019-02-20', true);
insert into comments (comment_id, post_id, user_id, comment, creation_date, is_confirmed) values (38, 42, 2, 'dui proin leo odio porttitor id consequat in consequat ut', '2019-06-25', false);
insert into comments (comment_id, post_id, user_id, comment, creation_date, is_confirmed) values (39, 14, 4, 'quis lectus suspendisse potenti in eleifend quam a odio in hac habitasse platea dictumst maecenas ut', '2018-09-12', false);
insert into comments (comment_id, post_id, user_id, comment, creation_date, is_confirmed) values (40, 25, 3, 'morbi quis tortor id nulla ultrices aliquet maecenas leo odio condimentum id luctus nec molestie', '2023-01-28', true);
insert into comments (comment_id, post_id, user_id, comment, creation_date, is_confirmed) values (41, 7, 8, 'elit proin interdum mauris non ligula pellentesque ultrices phasellus id sapien in sapien iaculis congue vivamus metus arcu adipiscing', '2023-02-03', true);
insert into comments (comment_id, post_id, user_id, comment, creation_date, is_confirmed) values (42, 32, 1, 'aliquam non mauris morbi non lectus aliquam sit amet diam in magna bibendum imperdiet nullam', '2023-05-26', true);
insert into comments (comment_id, post_id, user_id, comment, creation_date, is_confirmed) values (43, 21, 6, 'enim blandit mi in porttitor pede justo eu massa donec dapibus', '2016-04-17', true);
insert into comments (comment_id, post_id, user_id, comment, creation_date, is_confirmed) values (44, 38, 1, 'integer a nibh in quis justo maecenas rhoncus aliquam lacus morbi quis', '2023-05-07', false);
insert into comments (comment_id, post_id, user_id, comment, creation_date, is_confirmed) values (45, 13, 4, 'et ultrices posuere cubilia curae nulla dapibus dolor vel est donec odio justo sollicitudin ut suscipit a feugiat', '2020-12-24', true);
insert into comments (comment_id, post_id, user_id, comment, creation_date, is_confirmed) values (46, 48, 5, 'quisque ut erat curabitur gravida nisi at nibh in hac', '2020-09-30', false);
insert into comments (comment_id, post_id, user_id, comment, creation_date, is_confirmed) values (47, 32, 2, 'sit amet sem fusce consequat nulla nisl nunc nisl duis bibendum felis', '2018-06-22', true);
insert into comments (comment_id, post_id, user_id, comment, creation_date, is_confirmed) values (48, 3, 10, 'integer pede justo lacinia eget tincidunt eget tempus vel pede', '2015-06-22', true);
insert into comments (comment_id, post_id, user_id, comment, creation_date, is_confirmed) values (49, 49, 9, 'ac est lacinia nisi venenatis tristique fusce congue diam id ornare imperdiet sapien urna pretium nisl', '2021-12-04', false);
insert into comments (comment_id, post_id, user_id, comment, creation_date, is_confirmed) values (50, 1, 1, 'sit amet diam in magna bibendum imperdiet nullam orci pede venenatis non sodales sed tincidunt eu felis fusce posuere', '2019-03-27', false);
insert into comments (comment_id, post_id, user_id, comment, creation_date, is_confirmed) values (51, 31, 4, 'ipsum aliquam non mauris morbi non lectus aliquam sit amet', '2016-07-20', false);
insert into comments (comment_id, post_id, user_id, comment, creation_date, is_confirmed) values (52, 40, 5, 'lacinia aenean sit amet justo morbi ut odio cras mi pede malesuada in imperdiet et commodo', '2019-08-21', true);
insert into comments (comment_id, post_id, user_id, comment, creation_date, is_confirmed) values (53, 40, 4, 'fusce lacus purus aliquet at feugiat non pretium quis lectus suspendisse potenti in eleifend quam', '2023-01-16', false);
insert into comments (comment_id, post_id, user_id, comment, creation_date, is_confirmed) values (54, 21, 1, 'lorem ipsum dolor sit amet consectetuer adipiscing elit proin interdum mauris non ligula pellentesque ultrices phasellus id sapien in', '2020-04-22', false);
insert into comments (comment_id, post_id, user_id, comment, creation_date, is_confirmed) values (55, 36, 6, 'ipsum primis in faucibus orci luctus et ultrices posuere cubilia curae nulla dapibus dolor vel est donec odio justo sollicitudin', '2016-11-19', true);
insert into comments (comment_id, post_id, user_id, comment, creation_date, is_confirmed) values (56, 50, 7, 'tempor turpis nec euismod scelerisque quam turpis adipiscing lorem vitae mattis nibh ligula nec sem duis aliquam', '2020-12-22', true);
insert into comments (comment_id, post_id, user_id, comment, creation_date, is_confirmed) values (57, 3, 9, 'nec condimentum neque sapien placerat ante nulla justo aliquam quis turpis eget', '2019-09-17', true);
insert into comments (comment_id, post_id, user_id, comment, creation_date, is_confirmed) values (58, 37, 10, 'vestibulum vestibulum ante ipsum primis in faucibus orci luctus et ultrices', '2016-12-23', true);
insert into comments (comment_id, post_id, user_id, comment, creation_date, is_confirmed) values (59, 4, 4, 'massa tempor convallis nulla neque libero convallis eget eleifend luctus ultricies eu nibh quisque id', '2020-03-16', true);
insert into comments (comment_id, post_id, user_id, comment, creation_date, is_confirmed) values (60, 5, 5, 'nisl aenean lectus pellentesque eget nunc donec quis orci eget orci vehicula condimentum curabitur in libero ut massa', '2017-03-25', false);
insert into comments (comment_id, post_id, user_id, comment, creation_date, is_confirmed) values (61, 16, 4, 'integer a nibh in quis justo maecenas rhoncus aliquam lacus', '2018-02-25', true);
insert into comments (comment_id, post_id, user_id, comment, creation_date, is_confirmed) values (62, 26, 4, 'cubilia curae duis faucibus accumsan odio curabitur convallis duis consequat dui nec nisi', '2018-05-21', true);
insert into comments (comment_id, post_id, user_id, comment, creation_date, is_confirmed) values (63, 48, 3, 'consectetuer adipiscing elit proin interdum mauris non ligula pellentesque ultrices phasellus id sapien in sapien iaculis congue vivamus metus arcu', '2017-09-12', false);
insert into comments (comment_id, post_id, user_id, comment, creation_date, is_confirmed) values (64, 23, 1, 'et ultrices posuere cubilia curae mauris viverra diam vitae quam suspendisse potenti nullam porttitor lacus at turpis donec posuere metus', '2021-06-25', true);
insert into comments (comment_id, post_id, user_id, comment, creation_date, is_confirmed) values (65, 35, 1, 'ac leo pellentesque ultrices mattis odio donec vitae nisi nam ultrices libero non mattis pulvinar nulla', '2019-04-01', true);
insert into comments (comment_id, post_id, user_id, comment, creation_date, is_confirmed) values (66, 20, 6, 'convallis morbi odio odio elementum eu interdum eu tincidunt in leo maecenas pulvinar lobortis est phasellus sit amet erat nulla', '2015-10-25', false);
insert into comments (comment_id, post_id, user_id, comment, creation_date, is_confirmed) values (67, 35, 8, 'luctus ultricies eu nibh quisque id justo sit amet sapien dignissim vestibulum vestibulum ante', '2023-05-11', false);
insert into comments (comment_id, post_id, user_id, comment, creation_date, is_confirmed) values (68, 36, 7, 'pretium iaculis diam erat fermentum justo nec condimentum neque sapien placerat ante nulla justo aliquam quis turpis eget elit sodales', '2020-09-23', false);
insert into comments (comment_id, post_id, user_id, comment, creation_date, is_confirmed) values (69, 34, 1, 'mattis nibh ligula nec sem duis aliquam convallis nunc proin at turpis a pede posuere nonummy', '2020-06-17', true);
insert into comments (comment_id, post_id, user_id, comment, creation_date, is_confirmed) values (70, 29, 2, 'libero nullam sit amet turpis elementum ligula vehicula consequat morbi a ipsum integer a nibh in quis', '2015-12-30', false);
insert into comments (comment_id, post_id, user_id, comment, creation_date, is_confirmed) values (71, 18, 9, 'in lacus curabitur at ipsum ac tellus semper interdum mauris', '2021-04-04', false);
insert into comments (comment_id, post_id, user_id, comment, creation_date, is_confirmed) values (72, 21, 6, 'morbi vestibulum velit id pretium iaculis diam erat fermentum justo nec condimentum neque sapien placerat ante nulla justo', '2017-01-15', false);
insert into comments (comment_id, post_id, user_id, comment, creation_date, is_confirmed) values (73, 21, 7, 'augue quam sollicitudin vitae consectetuer eget rutrum at lorem integer tincidunt ante vel ipsum praesent blandit lacinia', '2022-08-20', true);
insert into comments (comment_id, post_id, user_id, comment, creation_date, is_confirmed) values (74, 22, 8, 'augue luctus tincidunt nulla mollis molestie lorem quisque ut erat', '2021-07-02', true);
insert into comments (comment_id, post_id, user_id, comment, creation_date, is_confirmed) values (75, 44, 4, 'et ultrices posuere cubilia curae nulla dapibus dolor vel est donec odio justo sollicitudin ut suscipit', '2023-01-05', true);
insert into comments (comment_id, post_id, user_id, comment, creation_date, is_confirmed) values (76, 6, 10, 'non sodales sed tincidunt eu felis fusce posuere felis sed lacus morbi', '2021-02-27', false);
insert into comments (comment_id, post_id, user_id, comment, creation_date, is_confirmed) values (77, 22, 7, 'est quam pharetra magna ac consequat metus sapien ut nunc vestibulum', '2016-11-28', true);
insert into comments (comment_id, post_id, user_id, comment, creation_date, is_confirmed) values (78, 3, 7, 'curabitur at ipsum ac tellus semper interdum mauris ullamcorper purus sit amet nulla quisque', '2016-09-03', true);
insert into comments (comment_id, post_id, user_id, comment, creation_date, is_confirmed) values (79, 39, 8, 'mi integer ac neque duis bibendum morbi non quam nec dui luctus rutrum nulla tellus', '2021-03-07', true);
insert into comments (comment_id, post_id, user_id, comment, creation_date, is_confirmed) values (80, 31, 7, 'integer ac neque duis bibendum morbi non quam nec dui luctus rutrum nulla tellus in sagittis dui vel nisl duis', '2016-02-13', false);
insert into comments (comment_id, post_id, user_id, comment, creation_date, is_confirmed) values (81, 7, 1, 'odio odio elementum eu interdum eu tincidunt in leo maecenas', '2020-10-22', true);
insert into comments (comment_id, post_id, user_id, comment, creation_date, is_confirmed) values (82, 43, 1, 'turpis donec posuere metus vitae ipsum aliquam non mauris morbi non lectus aliquam sit amet diam in magna bibendum imperdiet', '2017-12-26', true);
insert into comments (comment_id, post_id, user_id, comment, creation_date, is_confirmed) values (83, 42, 5, 'auctor gravida sem praesent id massa id nisl venenatis lacinia aenean sit amet justo morbi', '2016-03-19', false);
insert into comments (comment_id, post_id, user_id, comment, creation_date, is_confirmed) values (84, 26, 10, 'posuere cubilia curae mauris viverra diam vitae quam suspendisse potenti nullam porttitor lacus at turpis', '2023-02-16', true);
insert into comments (comment_id, post_id, user_id, comment, creation_date, is_confirmed) values (85, 31, 8, 'luctus rutrum nulla tellus in sagittis dui vel nisl duis ac nibh fusce lacus purus aliquet', '2022-02-12', false);
insert into comments (comment_id, post_id, user_id, comment, creation_date, is_confirmed) values (86, 14, 1, 'nibh in quis justo maecenas rhoncus aliquam lacus morbi quis tortor id', '2021-09-03', true);
insert into comments (comment_id, post_id, user_id, comment, creation_date, is_confirmed) values (87, 16, 1, 'primis in faucibus orci luctus et ultrices posuere cubilia curae duis faucibus accumsan odio curabitur', '2016-08-05', true);
insert into comments (comment_id, post_id, user_id, comment, creation_date, is_confirmed) values (88, 36, 9, 'sit amet justo morbi ut odio cras mi pede malesuada in imperdiet et commodo vulputate justo', '2015-11-19', true);
insert into comments (comment_id, post_id, user_id, comment, creation_date, is_confirmed) values (89, 47, 6, 'sollicitudin vitae consectetuer eget rutrum at lorem integer tincidunt ante vel ipsum praesent blandit lacinia erat vestibulum sed magna', '2016-09-10', true);
insert into comments (comment_id, post_id, user_id, comment, creation_date, is_confirmed) values (90, 12, 5, 'maecenas tristique est et tempus semper est quam pharetra magna ac consequat', '2018-08-30', true);
insert into comments (comment_id, post_id, user_id, comment, creation_date, is_confirmed) values (91, 16, 7, 'consequat varius integer ac leo pellentesque ultrices mattis odio donec vitae nisi nam ultrices libero', '2021-11-13', true);
insert into comments (comment_id, post_id, user_id, comment, creation_date, is_confirmed) values (92, 27, 10, 'mus etiam vel augue vestibulum rutrum rutrum neque aenean auctor gravida sem praesent', '2018-07-14', true);
insert into comments (comment_id, post_id, user_id, comment, creation_date, is_confirmed) values (93, 22, 9, 'suscipit a feugiat et eros vestibulum ac est lacinia nisi venenatis tristique', '2018-02-06', true);
insert into comments (comment_id, post_id, user_id, comment, creation_date, is_confirmed) values (94, 50, 7, 'sagittis nam congue risus semper porta volutpat quam pede lobortis ligula sit', '2019-06-01', false);
insert into comments (comment_id, post_id, user_id, comment, creation_date, is_confirmed) values (95, 27, 9, 'volutpat sapien arcu sed augue aliquam erat volutpat in congue', '2022-07-19', true);
insert into comments (comment_id, post_id, user_id, comment, creation_date, is_confirmed) values (96, 7, 4, 'donec posuere metus vitae ipsum aliquam non mauris morbi non lectus aliquam sit amet diam in magna bibendum imperdiet', '2021-09-12', true);
insert into comments (comment_id, post_id, user_id, comment, creation_date, is_confirmed) values (97, 16, 1, 'nullam orci pede venenatis non sodales sed tincidunt eu felis fusce posuere felis sed lacus morbi sem', '2019-09-15', true);
insert into comments (comment_id, post_id, user_id, comment, creation_date, is_confirmed) values (98, 8, 6, 'venenatis non sodales sed tincidunt eu felis fusce posuere felis sed lacus', '2016-08-21', false);
insert into comments (comment_id, post_id, user_id, comment, creation_date, is_confirmed) values (99, 10, 9, 'id lobortis convallis tortor risus dapibus augue vel accumsan tellus nisi eu orci', '2019-01-06', true);
insert into comments (comment_id, post_id, user_id, comment, creation_date, is_confirmed) values (100, 45, 5, 'elementum nullam varius nulla facilisi cras non velit nec nisi vulputate nonummy maecenas', '2017-09-30', true);
*/